SMILES,IC50
CC(=O)OC1=CC=CC=C1C(=O)O,8345.502961633996
CCN(CC)CCCC(C)NC1=NC=NC2=C1C=CN2,506.304187128101
CC(C)CC1=CC=C(C=C1)C(C)C(=O)O,1934.4365667585773
CC(C)NCC(O)COC1=CC=CC=C1,6325.656011201873
CC1=CC(=O)NC(=O)N1,1778.65941092022
